<?xml version="1.0" encoding="UTF-8"?>

<Configuration status="WARN" monitorInterval="30">
	
	<Properties>
	    <Property name="LOG_PATTERN">%L %F%d{yyyy-MM-dd' 'HH:mm:ss.SSSZ} %p %m %n</Property>
	    <Property name="APP_LOG_ROOT">c:/temp</Property>
	</Properties>
    
    <Appenders>
        <Console name="Console" target="SYSTEM_OUT" follow="true">
           <!--  <PatternLayout pattern="${LOG_PATTERN}" /> -->
        </Console>
 
 		<!-- <JDBC name="MyDerbyDatabase" tableName="LOGS">
	        <ConnectionFactory class="com.zycus.log4j2.ConnectionFactory" method="getConnection" />
	        <Column name="USER_ID" pattern="%u" isUnicode="false" />
	        <Column name="DATED" isEventTimestamp="true" />
	        <Column name="LOGGER" pattern="%logger" isUnicode="false" />
	        <Column name="LEVEL" pattern="%level" isUnicode="false" />
	        <Column name="MESSAGE" pattern="%message" isUnicode="false" />
      	</JDBC> -->
      	
        <RollingFile name="appLog"
            fileName="${APP_LOG_ROOT}/TESTAPP/application.log"
            filePattern="${APP_LOG_ROOT}/TESTAPP/application-%d{yyyy-MM-dd}-%i.log">
            
            <PatternLayout pattern="${LOG_PATTERN}" />
            
            <Policies>
                <SizeBasedTriggeringPolicy size="19500KB" />
            </Policies>
            
            <DefaultRolloverStrategy max="1" />
        </RollingFile>
 
    </Appenders>
    <Loggers>
 
        <Logger name="com.zycus.boot" additivity="false">
            <AppenderRef ref="appLog" />
            <AppenderRef ref="Console" />
       <!--      <AppenderRef ref="MyDerbyDatabase" /> -->
        </Logger>
 
        <Root level="debug">
            <AppenderRef ref="Console" />
        </Root>
    </Loggers>
</Configuration>